id,group,first_name,last_name,gender,email
1,George Mason,Giffy,Morgans,Male,gmorgans0@hud.gov
2,UVA,Vincenz,,Male,vtwidle1@360.cn
3,George Mason,Bab,Garlic,Female,bgarlic2@usatoday.com
4,Virginia Tech,Marcille,Hutchcraft,Female,mhutchcraft3@discuz.net
5,UVA,Raina,Rispin,Female,rrispin4@mozilla.com
6,UVA,Antonin,,Male,ajepps5@posterous.com
7,Virginia Tech,Marilin,Loffill,,mloffill6@nih.gov
8,Virginia Tech,Gaile,Boyton,Male,gboyton7@reference.com
9,George Mason,Doralynn,Polin,Female,dpolin8@google.com.br
10,Virginia Tech,Haley,Coole,Male,hcoole9@wix.com
11,George Mason,Evelyn,Sugden,Male,esugdena@nbcnews.com
12,UVA,Mart,Rowson,Male,mrowsonb@alibaba.com
13,George Mason,,Ferson,,gfersonc@bizjournals.com
14,UVA,Gae,Danev,,gdanevd@ucoz.ru
15,George Mason,Peder,Humble,Male,phumblee@virginia.edu
16,Virginia Tech,Brok,Goreisr,Polygender,bgoreisrf@hao123.com
17,UVA,Sheelah,Leaves,Female,sleavesg@msu.edu
18,UVA,Alika,Le Fleming,Female,aleflemingh@nationalgeographic.com
19,Virginia Tech,Sidney,Winn,Male,swinni@nydailynews.com
20,Virginia Tech,Tessie,Orae,Female,toraej@jigsy.com
21,UVA,Paulo,Tuppeny,Male,ptuppenyk@ucla.edu
22,George Mason,Felipe,Venour,Male,fvenourl@reuters.com
23,George Mason,Alis,Rames,Female,aramesm@google.co.uk
24,UVA,Haleigh,Salatino,Female,hsalatinon@wiley.com
25,,Waylon,Neal,Bigender,wnealo@list-manage.com
26,,Babette,Feake,Female,bfeakep@sakura.ne.jp
27,Virginia Tech,Pier,Clines,Female,pclinesq@google.nl
28,UVA,Joly,Petren,Female,jpetrenr@earthlink.net
29,Virginia Tech,,O'Carney,Male,hocarneys@dropbox.com
30,George Mason,Abbe,Herreran,Male,aherrerant@eepurl.com
31,UVA,Darda,Geldeford,Female,dgeldefordu@linkedin.com
32,Virginia Tech,Isidora,Wilhelmy,Female,iwilhelmyv@exblog.jp
33,George Mason,Inga,McRobbie,Female,imcrobbiew@edublogs.org
34,Virginia Tech,Bran,Webbe,Male,bwebbex@ted.com
35,,Gray,Weall,,gweally@de.vu
36,Virginia Tech,Benjie,Moulding,Polygender,bmouldingz@imdb.com
37,Virginia Tech,Tabina,Senechault,Female,tsenechault10@cargocollective.com
38,Virginia Tech,Harlene,Nisot,Female,hnisot11@bravesites.com
39,Virginia Tech,Christiano,Gartsyde,Male,cgartsyde12@cnbc.com
40,Virginia Tech,Errick,Skelington,Male,eskelington13@loc.gov
41,Virginia Tech,Anderson,Sharville,Male,asharville14@icio.us
42,UVA,Fulton,Petherick,Male,fpetherick15@gizmodo.com
43,George Mason,Benedetto,Gregs,,bgregs16@pcworld.com
44,UVA,Brooke,Ottery,Agender,
45,UVA,Reed,Lucius,Male,rlucius18@cisco.com
46,Virginia Tech,Florida,Cutts,Female,fcutts19@tumblr.com
47,Virginia Tech,Tierney,MacMearty,Female,
48,Virginia Tech,Boote,Overstreet,Male,boverstreet1b@cnn.com
49,Virginia Tech,Gert,Linstead,Female,glinstead1c@reuters.com
50,George Mason,Donnie,Knocker,Male,dknocker1d@walmart.com
51,UVA,Audrie,Abrahmovici,Agender,aabrahmovici1e@umn.edu
52,Virginia Tech,Caryn,Drought,Female,cdrought1f@google.com
53,UVA,Gabi,Phinnessy,Male,gphinnessy1g@marketwatch.com
54,UVA,Donnie,Jagger,Male,djagger1h@dedecms.com
55,George Mason,Gibb,Kupis,Male,gkupis1i@sohu.com
56,George Mason,Ofelia,Pimmocke,Female,opimmocke1j@google.co.uk
57,George Mason,,Garbert,Male,kgarbert1k@techcrunch.com
58,UVA,Niel,De Roberto,Male,nderoberto1l@imdb.com
59,,Myriam,Howey,Female,mhowey1m@goo.gl
60,Virginia Tech,Silvie,Beckworth,Female,sbeckworth1n@microsoft.com
61,Virginia Tech,Hayley,Camis,Female,
62,George Mason,,Vitte,Female,pvitte1p@cpanel.net
63,UVA,Nelson,Marqyes,Male,nmarqyes1q@imdb.com
64,Virginia Tech,Barnett,Lewknor,Male,blewknor1r@forbes.com
65,Virginia Tech,Nealon,Doblin,Male,ndoblin1s@shinystat.com
66,,Hope,Gorioli,Female,
67,UVA,Karlee,,Female,kcurrer1u@blinklist.com
68,UVA,Moll,Lepere,Female,mlepere1v@amazon.co.jp
69,,Gabbi,Doran,Female,gdoran1w@wisc.edu
70,Virginia Tech,Amberly,Fardoe,Female,afardoe1x@zimbio.com
71,Virginia Tech,Land,,Male,lpaullin1y@imageshack.us
72,George Mason,Royal,Lorkins,Male,rlorkins1z@indiegogo.com
73,Virginia Tech,Sissy,Carlyle,Female,scarlyle20@cnet.com
74,UVA,Timothy,Dalley,Male,tdalley21@blogtalkradio.com
75,Virginia Tech,Tobye,Gawke,Female,tgawke22@paypal.com
76,George Mason,Adelheid,Abrehart,Female,aabrehart23@purevolume.com
77,Virginia Tech,Frannie,Tomlins,Female,
78,Virginia Tech,Fleurette,Loftie,Female,floftie25@cloudflare.com
79,Virginia Tech,Rosalie,,Female,rmordey26@abc.net.au
80,Virginia Tech,Masha,,Genderfluid,mguerner27@hp.com
81,Virginia Tech,Stanton,Attard,Male,sattard28@google.ca
82,UVA,Debee,Riordan,,
83,George Mason,Goldi,Varian,Female,gvarian2a@cnet.com
84,UVA,Lovell,Feldmus,,lfeldmus2b@phpbb.com
85,George Mason,Irving,Riddell,Male,iriddell2c@naver.com
86,UVA,Lion,Briscoe,Genderfluid,lbriscoe2d@mlb.com
87,UVA,Tam,Beckitt,Male,tbeckitt2e@freewebs.com
88,UVA,Hurleigh,Gehrels,Male,hgehrels2f@npr.org
89,George Mason,Kare,Daton,Female,kdaton2g@cocolog-nifty.com
90,George Mason,Evie,Yele,Female,eyele2h@addtoany.com
91,UVA,Jackson,Kluss,Male,jkluss2i@vimeo.com
92,,Randie,Pauling,Female,rpauling2j@storify.com
93,UVA,Dita,Titcumb,Female,dtitcumb2k@usgs.gov
94,Virginia Tech,Horten,Hodgon,Male,hhodgon2l@jalbum.net
95,UVA,Craggie,Felstead,,
96,Virginia Tech,Arly,Crutcher,Female,acrutcher2n@home.pl
97,Virginia Tech,Ranna,Hughf,Female,rhughf2o@dmoz.org
98,Virginia Tech,Garik,Haster,Male,ghaster2p@cnet.com
99,,Abrahan,Setter,Non-binary,
100,UVA,Odessa,Goodinson,Female,ogoodinson2r@twitter.com
101,George Mason,,MacConnell,,jmacconnell2s@addthis.com
102,George Mason,Lind,MacGilrewy,Genderfluid,lmacgilrewy2t@chicagotribune.com
103,George Mason,Dante,Yatman,,dyatman2u@rediff.com
104,George Mason,Gordon,Crowhurst,Male,gcrowhurst2v@mapquest.com
105,George Mason,Carroll,Baskett,Male,cbaskett2w@rakuten.co.jp
106,Virginia Tech,Leda,Strathman,Female,lstrathman2x@ed.gov
107,George Mason,Emmalynn,Langdridge,Female,elangdridge2y@qq.com
108,UVA,Meridith,Hurt,Female,mhurt2z@loc.gov
109,UVA,Welch,Luckcuck,Male,wluckcuck30@csmonitor.com
110,Virginia Tech,Amitie,Challoner,Female,achalloner31@theguardian.com
111,George Mason,,Golton,Male,agolton32@shutterfly.com
112,UVA,Bail,Monks,Male,bmonks33@tuttocitta.it
113,UVA,Jacques,Konrad,Male,jkonrad34@adobe.com
114,George Mason,Deanne,Potter,Female,dpotter35@google.com.hk
115,Virginia Tech,Germayne,Caudwell,Male,gcaudwell36@yellowpages.com
116,UVA,Rip,Lebond,Male,rlebond37@livejournal.com
117,Virginia Tech,Nicolea,,Female,nbarter38@wp.com
118,George Mason,Charlena,Meynell,Genderfluid,cmeynell39@scribd.com
119,George Mason,Whitney,,Female,wgreatbach3a@sun.com
120,UVA,Claudianus,,Male,cmacian3b@zimbio.com
121,Virginia Tech,Kalli,McCafferky,Female,kmccafferky3c@posterous.com
122,George Mason,Benetta,Murkin,Female,bmurkin3d@si.edu
123,UVA,Garv,Oaker,Male,goaker3e@webnode.com
124,UVA,Port,Kibbye,Male,pkibbye3f@artisteer.com
125,George Mason,Marijn,Sinyard,Male,msinyard3g@springer.com
126,George Mason,Liana,Frostdick,Female,lfrostdick3h@cbsnews.com
127,Virginia Tech,Erroll,Waryk,Male,ewaryk3i@indiatimes.com
128,Virginia Tech,Gerald,Pargent,,gpargent3j@rambler.ru
129,Virginia Tech,,Giblett,Male,bgiblett3k@sakura.ne.jp
130,UVA,Pryce,Michel,Male,pmichel3l@surveymonkey.com
131,George Mason,Randene,Fairholm,Female,rfairholm3m@edublogs.org
132,UVA,Alison,Ahrend,Female,aahrend3n@msn.com
133,George Mason,Bernelle,Abbis,Female,babbis3o@diigo.com
134,Virginia Tech,Neddie,Ficken,Male,nficken3p@eepurl.com
135,Virginia Tech,Earvin,Jarmaine,Male,ejarmaine3q@unc.edu
136,George Mason,Janetta,,Female,jbagenal3r@soundcloud.com
137,UVA,Genovera,Hounsom,Female,ghounsom3s@chicagotribune.com
138,George Mason,Levon,Whitwham,Male,lwhitwham3t@cnn.com
139,UVA,Veronika,Haith,Female,vhaith3u@ft.com
140,,Kelley,Hamner,Male,khamner3v@si.edu
141,,Milicent,,Female,mwakefield3w@hubpages.com
142,UVA,Lyn,Malloy,,
143,George Mason,Malachi,,Male,mrohan3y@blogtalkradio.com
144,Virginia Tech,Sashenka,De Blase,Female,sdeblase3z@delicious.com
145,UVA,Margo,Fidelli,Genderfluid,mfidelli40@yelp.com
146,,Jackie,Pether,Female,jpether41@deviantart.com
147,Virginia Tech,Carrol,Ivory,,civory42@wunderground.com
148,George Mason,Haze,Rolph,Male,hrolph43@scribd.com
149,Virginia Tech,Hailey,Louca,Male,hlouca44@hhs.gov
150,,Darsie,Jurczik,Female,djurczik45@unc.edu
151,UVA,Alistair,Nipper,Genderqueer,anipper46@pen.io
152,Virginia Tech,,Tremblot,Female,ntremblot47@un.org
153,UVA,Bernie,Cornier,,bcornier48@g.co
154,George Mason,Erastus,Laxtonne,Male,elaxtonne49@4shared.com
155,George Mason,Meade,Zorro,Bigender,mzorro4a@mapy.cz
156,George Mason,Far,Chellam,Male,fchellam4b@guardian.co.uk
157,George Mason,Daniel,Skeat,Male,dskeat4c@nyu.edu
158,George Mason,Iver,Yearron,Male,iyearron4d@dailymail.co.uk
159,Virginia Tech,Tallie,Bebbell,Female,
160,UVA,Cathleen,Dupoy,Non-binary,cdupoy4f@chronoengine.com
161,UVA,Alene,Gouldie,Female,agouldie4g@ucla.edu
162,George Mason,Carmen,Dienes,Female,cdienes4h@scientificamerican.com
163,UVA,Rouvin,Robecon,Male,rrobecon4i@bandcamp.com
164,,Giovanni,Gras,Male,ggras4j@umn.edu
165,UVA,Devland,Kenvin,Male,dkenvin4k@feedburner.com
166,UVA,Kandace,Vasilchenko,Female,kvasilchenko4l@hp.com
167,UVA,Karin,Garrit,Female,kgarrit4m@github.io
168,Virginia Tech,Carmencita,Sarsons,,csarsons4n@wikimedia.org
169,UVA,Elmo,Chedzoy,Male,echedzoy4o@yandex.ru
170,,Veronike,Prangnell,Female,vprangnell4p@cbsnews.com
171,UVA,Daniel,Grinnell,Male,dgrinnell4q@chronoengine.com
172,Virginia Tech,June,Mathivat,Female,jmathivat4r@livejournal.com
173,Virginia Tech,Jessica,,Female,jbrunini4s@ask.com
174,Virginia Tech,Neda,Gianinotti,Female,ngianinotti4t@mayoclinic.com
175,UVA,Heidie,Deacon,Female,hdeacon4u@amazon.co.uk
176,,Idalina,Cotterel,Female,
177,George Mason,Iormina,Somerfield,Female,isomerfield4w@addtoany.com
178,Virginia Tech,Johny,Whitland,Male,jwhitland4x@cafepress.com
179,UVA,Angelita,Nisco,Female,
180,UVA,Peyton,Loalday,Male,ploalday4z@exblog.jp
181,,Ivonne,Kohrding,Female,ikohrding50@wufoo.com
182,Virginia Tech,Jerald,Guillem,Male,jguillem51@dot.gov
183,Virginia Tech,Ellsworth,Schiementz,Male,eschiementz52@sphinn.com
184,George Mason,Nikolas,Noone,Male,nnoone53@kickstarter.com
185,George Mason,Petunia,Jeacock,Female,pjeacock54@tinyurl.com
186,Virginia Tech,Corbin,Etter,Male,cetter55@chicagotribune.com
187,,Germayne,Ambrose,Male,gambrose56@about.me
188,UVA,Antonino,Clarabut,Polygender,aclarabut57@jigsy.com
189,George Mason,Mic,Tomes,Male,mtomes58@bravesites.com
190,George Mason,Caroline,Raoul,Female,craoul59@bloglines.com
191,Virginia Tech,Merry,Gorman,Female,mgorman5a@mayoclinic.com
192,George Mason,Nowell,Simm,Male,nsimm5b@seesaa.net
193,UVA,Bondie,Dainter,Male,bdainter5c@latimes.com
194,George Mason,Wolf,Loomis,Genderqueer,wloomis5d@amazon.co.jp
195,,,Leele,Female,tleele5e@4shared.com
196,UVA,Shaun,Tremeer,Male,stremeer5f@cmu.edu
197,Virginia Tech,Wilmar,Dowda,Male,wdowda5g@ebay.com
198,George Mason,,Downing,Agender,vdowning5h@slashdot.org
199,UVA,Farra,Eustace,Female,feustace5i@icio.us
200,Virginia Tech,Val,,Female,vpurcer5j@state.tx.us
